{"cameraMode":{"drawMode":0,"name":"Shaded","section":"Shading Mode"},"sceneLighting":true,"audioPlay":false,"sceneViewState":{"m_AlwaysRefresh":false,"showFog":true,"showSkybox":true,"showFlares":true,"showImageEffects":true,"showParticleSystems":true,"showVisualEffectGraphs":true,"m_FxEnabled":true},"in2DMode":false,"pivot":{"x":-0.617093563079834,"y":1.4381606578826905,"z":-0.49921512603759768},"rotation":{"x":0.1509360671043396,"y":0.21091830730438233,"z":-0.0330108217895031,"w":0.9653158783912659},"size":0.4510013461112976,"orthographic":false}