{"cameraMode":{"drawMode":0,"name":"Shaded","section":"Shading Mode"},"sceneLighting":true,"audioPlay":false,"sceneViewState":{"m_AlwaysRefresh":false,"showFog":true,"showSkybox":true,"showFlares":true,"showImageEffects":true,"showParticleSystems":true,"showVisualEffectGraphs":true,"m_FxEnabled":true},"in2DMode":false,"pivot":{"x":-0.617093563079834,"y":1.4381606578826905,"z":-0.49921512603759768},"rotation":{"x":0.01578696258366108,"y":0.6830921769142151,"z":-0.014757581986486912,"w":0.7301387786865234},"size":0.5444086790084839,"orthographic":false}